{
  "faces": [35, 0, 1, 2, 3, 0, 0, 1, 2, 3, 35, 4, 7, 6, 5, 0, 4, 5, 6, 7, 35, 0,
    4, 5, 1, 0, 0, 4, 7, 1, 35, 1, 5, 6, 2, 0, 1, 7, 6, 2, 35, 2, 6, 7, 3, 0,
    2, 6, 5, 3, 35, 4, 0, 3, 7, 0, 4, 0, 3, 5
  ],
  "colors": [],
  "metadata": {
    "colors": 0,
    "generator": "io_three",
    "uvs": 0,
    "vertices": 8,
    "type": "Geometry",
    "version": 3,
    "faces": 6,
    "materials": 1,
    "normals": 8
  },
  "materials": [{
    "colorEmissive": [0, 0, 0],
    "visible": true,
    "specularCoef": 50,
    "DbgIndex": 0,
    "DbgName": "Material",
    "depthWrite": true,
    "opacity": 1,
    "colorAmbient": [0.64, 0.0091, 0.012496],
    "wireframe": false,
    "blending": "NormalBlending",
    "colorSpecular": [0.5, 0.5, 0.5],
    "depthTest": true,
    "vertexColors": false,
    "transparent": false,
    "DbgColor": 15658734,
    "shading": "phong"
  }],
  "uvs": [],
  "name": "CubeGeometry.1",
  "vertices": [1, -1, -1, 1, -1, 1, -1, -1, 1, -1, -1, -1, 1, 1, -1, 0.999999,
    1, 1, -1, 1, 1, -1, 1, -1
  ],
  "normals": [0.577349, -0.577349, -0.577349, 0.577349, -0.577349, 0.577349,
    0.577349, -0.577349, 0.577349, -0.577349, -0.577349, -0.577349, 0.577349,
    0.577349, -0.577349, -0.577349, 0.577349, -0.577349, -0.577349, 0.577349,
    0.577349, 0.577349, 0.577349, 0.577349
  ]
}
